{
	"dependencies": "appliedenergistics2",
	"populate": {
		"certus quartz": {
			"distribution": "uniform",
			"generator": {
				"block": [
					{
						"name": "appliedenergistics2:quartz_ore",
						"weight": 95
					},
					{
						"name": "appliedenergistics2:charged_quartz_ore",
						"weight": 5
					}
				],
				"material": "minecraft:stone",
				"cluster-size": 8
			},
			"cluster-count": 10,
			"min-height": 20,
			"max-height": 60,
			"retrogen": "true",
			"biome": "all",
			"dimension": {
				"restriction": "blacklist",
				"value": [
					-1,
					1
				]
			}
		}
	}
}
