{
    "name": "Forager Trade List",
    "professions": [
        {
            "name": "forager",
            "careers": [
                {
                    "name": "hunter",
                    "trades": [
                        {
                            "output": { "itemId": "minecraft:rotten_flesh", "meta": 0, "minStackSize": 9, "maxStackSize": 15 },
                            "inputA": { "itemId": "nex:item_crystal_amethyst", "meta": 0, "minStackSize": 1, "maxStackSize": 1 },
                            "minTradesAvailable": 4,
                            "maxTradesAvailable": 16,
                            "level": 1
                        },
                        {
                            "output": { "itemId": "minecraft:spider_eye", "meta": 0, "minStackSize": 4, "maxStackSize": 6 },
                            "inputA": { "itemId": "nex:item_crystal_amethyst", "meta": 0, "minStackSize": 1, "maxStackSize": 1 },
                            "minTradesAvailable": 2,
                            "maxTradesAvailable": 8,
                            "level": 1
                        },
                        {
                            "output": { "itemId": "minecraft:magma_cream", "meta": 0, "minStackSize": 1, "maxStackSize": 2 },
                            "inputA": { "itemId": "nex:item_crystal_amethyst", "meta": 0, "minStackSize": 1, "maxStackSize": 1 },
                            "minTradesAvailable": 1,
                            "maxTradesAvailable": 8,
                            "level": 1
                        },
                        {
                            "output": { "itemId": "minecraft:cooked_rabbit", "meta": 0, "minStackSize": 3, "maxStackSize": 7 },
                            "inputA": { "itemId": "nex:item_crystal_amethyst", "meta": 0, "minStackSize": 1, "maxStackSize": 2 },
                            "minTradesAvailable": 2,
                            "maxTradesAvailable": 4,
                            "level": 2
                        },
                        {
                            "output": { "itemId": "nex:item_crystal_amethyst", "meta": 0, "minStackSize": 2, "maxStackSize": 2 },
                            "inputA": { "itemId": "nex:food_raw_ghast_meat", "meta": 0, "minStackSize": 1, "maxStackSize": 1 },
                            "minTradesAvailable": 2,
                            "maxTradesAvailable": 8,
                            "level": 2
                        },
                        {
                            "output": { "itemId": "nex:food_meat_ghast_cooked", "meta": 0, "minStackSize": 2, "maxStackSize": 4 },
                            "inputA": { "itemId": "nex:item_crystal_amethyst", "meta": 0, "minStackSize": 4, "maxStackSize": 6 },
                            "minTradesAvailable": 2,
                            "maxTradesAvailable": 8,
                            "level": 3
                        },
                        {
                            "output": { "itemId": "minecraft:ender_pearl", "meta": 0, "minStackSize": 1, "maxStackSize": 1 },
                            "inputA": { "itemId": "nex:item_crystal_amethyst", "meta": 0, "minStackSize": 5, "maxStackSize": 7 },
                            "minTradesAvailable": 1,
                            "maxTradesAvailable": 8,
                            "level": 3
                        }
                    ]
                },
                {
                    "name": "gatherer",
                    "trades": [
                        {
                            "output": { "itemId": "nex:food_congealed_magma_cream", "meta": 0, "minStackSize": 2, "maxStackSize": 2 },
                            "inputA": { "itemId": "nex:item_crystal_amethyst", "meta": 0, "minStackSize": 1, "maxStackSize": 1 },
                            "inputB": { "itemId": "minecraft:magma_cream", "meta": 0, "minStackSize": 1, "maxStackSize": 1 },
                            "minTradesAvailable": 1,
                            "maxTradesAvailable": 8,
                            "level": 1
                        },
                        {
                            "output": { "itemId": "minecraft:mushroom_stew", "meta": 0, "minStackSize": 1, "maxStackSize": 1 },
                            "inputA": { "itemId": "nex:item_crystal_amethyst", "meta": 0, "minStackSize": 1, "maxStackSize": 1 },
                            "minTradesAvailable": 4,
                            "maxTradesAvailable": 12,
                            "level": 1
                        },
                        {
                            "output": { "itemId": "nex:plant_mushroom_elder", "meta": 1, "minStackSize": 2, "maxStackSize": 4 },
                            "inputA": { "itemId": "nex:item_crystal_amethyst", "meta": 0, "minStackSize": 1, "maxStackSize": 3 },
                            "minTradesAvailable": 2,
                            "maxTradesAvailable": 8,
                            "level": 1
                        },
                        {
                            "output": { "itemId": "nex:item_crystal_amethyst", "meta": 0, "minStackSize": 1, "maxStackSize": 1 },
                            "inputA": { "itemId": "minecraft:bone", "meta": 0, "minStackSize": 32, "maxStackSize": 64 },
                            "minTradesAvailable": 1,
                            "maxTradesAvailable": 4,
                            "level": 1
                        },
                        {
                            "output": { "itemId": "minecraft:bread", "meta": 0, "minStackSize": 5, "maxStackSize": 16 },
                            "inputA": { "itemId": "nex:item_crystal_amethyst", "meta": 0, "minStackSize": 2, "maxStackSize": 2 },
                            "minTradesAvailable": 1,
                            "maxTradesAvailable": 4,
                            "level": 2
                        },
                        {
                            "output": { "itemId": "nex:plant_mushroom_elder", "meta": 0, "minStackSize": 4, "maxStackSize": 7 },
                            "inputA": { "itemId": "nex:item_crystal_amethyst", "meta": 0, "minStackSize": 3, "maxStackSize": 4 },
                            "minTradesAvailable": 1,
                            "maxTradesAvailable": 4,
                            "level": 2
                        },
                        {
                            "output": { "itemId": "nex:food_mushroom_enoki", "meta": 0, "minStackSize": 3, "maxStackSize": 3 },
                            "inputA": { "itemId": "nex:item_crystal_amethyst", "meta": 0, "minStackSize": 2, "maxStackSize": 4 },
                            "minTradesAvailable": 2,
                            "maxTradesAvailable": 8,
                            "level": 2
                        },
                        {
                            "output": { "itemId": "nex:item_crystal_amethyst", "meta": 0, "minStackSize": 1, "maxStackSize": 1 },
                            "inputA": { "itemId": "minecraft:quartz_block", "meta": 0, "minStackSize": 3, "maxStackSize": 5 },
                            "minTradesAvailable": 1,
                            "maxTradesAvailable": 3,
                            "level": 2
                        },
                        {
                            "output": { "itemId": "minecraft:nether_wart", "meta": 0, "minStackSize": 3, "maxStackSize": 5 },
                            "inputA": { "itemId": "nex:item_crystal_amethyst", "meta": 0, "minStackSize": 3, "maxStackSize": 4 },
                            "minTradesAvailable": 2,
                            "maxTradesAvailable": 6,
                            "level": 3
                        },
                        {
                            "output": { "itemId": "minecraft:melon_block", "meta": 0, "minStackSize": 1, "maxStackSize": 1 },
                            "inputA": { "itemId": "nex:item_crystal_amethyst", "meta": 0, "minStackSize": 5, "maxStackSize": 8 },
                            "minTradesAvailable": 1,
                            "maxTradesAvailable": 8,
                            "level": 3
                        }
                    ]
                },
                {
                    "name": "scavenger",
                    "trades": [
                        {
                            "output": { "itemId": "minecraft:cobblestone", "meta": 0, "minStackSize": 4, "maxStackSize": 16 },
                            "inputA": { "itemId": "nex:item_crystal_amethyst", "meta": 0, "minStackSize": 1, "maxStackSize": 1 },
                            "minTradesAvailable": 4,
                            "maxTradesAvailable": 16,
                            "level": 1
                        },
                        {
                            "output": { "itemId": "nex:item_crystal_amethyst", "meta": 0, "minStackSize": 1, "maxStackSize": 1 },
                            "inputA": { "itemId": "minecraft:stone", "meta": 0, "minStackSize": 16, "maxStackSize": 28 },
                            "minTradesAvailable": 1,
                            "maxTradesAvailable": 4,
                            "level": 1
                        },
                        {
                            "output": { "itemId": "minecraft:dirt", "meta": 0, "minStackSize": 1, "maxStackSize": 4 },
                            "inputA": { "itemId": "nex:item_crystal_amethyst", "meta": 0, "minStackSize": 1, "maxStackSize": 2 },
                            "minTradesAvailable": 4,
                            "maxTradesAvailable": 16,
                            "level": 1
                        },
                        {
                            "output": { "itemId": "minecraft:gravel", "meta": 0, "minStackSize": 8, "maxStackSize": 16 },
                            "inputA": { "itemId": "nex:item_crystal_amethyst", "meta": 0, "minStackSize": 1, "maxStackSize": 1 },
                            "minTradesAvailable": 4,
                            "maxTradesAvailable": 16,
                            "level": 1
                        },
                        {
                            "output": { "itemId": "minecraft:log", "meta": 0, "minStackSize": 1, "maxStackSize": 4 },
                            "inputA": { "itemId": "nex:item_crystal_amethyst", "meta": 0, "minStackSize": 3, "maxStackSize": 8 },
                            "minTradesAvailable": 2,
                            "maxTradesAvailable": 8,
                            "level": 2
                        },
                        {
                            "output": { "itemId": "minecraft:iron_ingot", "meta": 0, "minStackSize": 1, "maxStackSize": 3 },
                            "inputA": { "itemId": "nex:item_crystal_amethyst", "meta": 0, "minStackSize": 1, "maxStackSize": 2 },
                            "minTradesAvailable": 1,
                            "maxTradesAvailable": 8,
                            "level": 2
                        },
                        {
                            "output": { "itemId": "minecraft:coal_ore", "meta": 0, "minStackSize": 3, "maxStackSize": 7 },
                            "inputA": { "itemId": "nex:item_crystal_amethyst", "meta": 0, "minStackSize": 1, "maxStackSize": 1 },
                            "minTradesAvailable": 2,
                            "maxTradesAvailable": 4,
                            "level": 2
                        },
                        {
                            "output": { "itemId": "minecraft:diamond", "meta": 0, "minStackSize": 1, "maxStackSize": 1 },
                            "inputA": { "itemId": "nex:item_crystal_amethyst", "meta": 0, "minStackSize": 5, "maxStackSize": 9 },
                            "minTradesAvailable": 1,
                            "maxTradesAvailable": 3,
                            "level": 3
                        },
                        {
                            "output": { "itemId": "minecraft:book", "meta": 0, "minStackSize": 1, "maxStackSize": 1 },
                            "inputA": { "itemId": "nex:item_crystal_amethyst", "meta": 0, "minStackSize": 6, "maxStackSize": 10 },
                            "minTradesAvailable": 1,
                            "maxTradesAvailable": 4,
                            "level": 3
                        },
                        {
                            "output": { "itemId": "minecraft:potion", "meta": 0, "minStackSize": 1, "maxStackSize": 1 },
                            "inputA": { "itemId": "nex:block_amethyst", "meta": 0, "minStackSize": 1, "maxStackSize": 3 },
                            "minTradesAvailable": 1,
                            "maxTradesAvailable": 3,
                            "level": 4
                        }
                    ]
                }
            ]
        }
    ]
}
