{
	"dependencies": "deepresonance",
	"populate": {
		"overworld resonating ore": {
			"distribution": "uniform",
			"generator": {
				"block": "deepresonance:resonating_ore",
				"material": "minecraft:stone",
				"cluster-size": 6
			},
			"cluster-count": 5,
			"min-height": 2,
			"max-height": 30,
			"retrogen": "true",
			"biome": "all",
			"dimension": {
				"restriction": "blacklist",
				"value": [
					-1,
					1
				]
			}
		},
		"nether resonating ore": {
			"distribution": "uniform",
			"generator": {
				"block": {
					"name": "deepresonance:resonating_ore",
					"metadata": 1
				},
				"material": "minecraft:netherrack",
				"cluster-size": 6
			},
			"cluster-count": 5,
			"min-height": 2,
			"max-height": 30,
			"retrogen": "true",
			"biome": "all",
			"dimension": {
				"restriction": "whitelist",
				"value": [
					-1
				]
			}
		},
		"end resonating ore": {
			"distribution": "uniform",
			"generator": {
				"block": {
					"name": "deepresonance:resonating_ore",
					"metadata": 2
				},
				"material": "minecraft:end_stone",
				"cluster-size": 6
			},
			"cluster-count": 5,
			"min-height": 2,
			"max-height": 30,
			"retrogen": "true",
			"biome": "all",
			"dimension": {
				"restriction": "whitelist",
				"value": [
					1
				]
			}
		}
	}
}
