{
  "outputs": [
    {
      "target": "litherite",
      "weight": 2,
      "count": 1,
      "id": "environmentaltech:litherite_crystal"
    },
    {
      "target": "erodium",
      "weight": 1,
      "count": 1,
      "id": "environmentaltech:erodium_crystal"
    },
    {
      "target": "black",
      "weight": 64,
      "count": 1,
      "id": "OD:oreCoal"
    },
    {
      "target": "white",
      "weight": 48,
      "count": 1,
      "id": "OD:oreIron"
    },
    {
      "target": "white",
      "weight": 32,
      "count": 1,
      "id": "OD:oreQuartz"
    },
    {
      "target": "red",
      "weight": 32,
      "count": 1,
      "id": "OD:oreRedstone"
    },
    {
      "target": "blue",
      "weight": 20,
      "count": 1,
      "id": "OD:oreLapis"
    },
    {
      "target": "yellow",
      "weight": 19,
      "count": 1,
      "id": "OD:oreGold"
    },
    {
      "target": "cyan",
      "weight": 13,
      "count": 1,
      "id": "OD:oreDiamond"
    },
    {
      "target": "lime",
      "weight": 10,
      "count": 1,
      "id": "OD:oreEmerald"
    },
    {
      "target": "yellow",
      "weight": 12,
      "count": 1,
      "id": "OD:glowstone"
    },
    {
      "target": "orange",
      "weight": 36,
      "count": 1,
      "id": "OD:oreCopper"
    },
    {
      "target": "gray",
      "weight": 36,
      "count": 1,
      "id": "OD:oreTin"
    },
    {
      "target": "silver",
      "weight": 22,
      "count": 1,
      "id": "OD:oreSilver"
    },
    {
      "target": "purple",
      "weight": 30,
      "count": 1,
      "id": "OD:oreLead"
    },
    {
      "target": "white",
      "weight": 26,
      "count": 1,
      "id": "OD:oreAluminum"
    },
    {
      "target": "green",
      "weight": 9,
      "count": 1,
      "id": "OD:oreUranium"
    },
    {
      "target": "yellow",
      "weight": 10,
      "count": 1,
      "id": "OD:oreYellorite"
    },
    {
      "target": "light_blue",
      "weight": 12,
      "count": 1,
      "id": "OD:oreCertusQuartz"
    },
    {
      "target": "light_blue",
      "weight": 7,
      "count": 1,
      "id": "OD:oreChargedCertusQuartz"
    },
    {
      "target": "brown",
      "weight": 12,
      "count": 1,
      "id": "OD:oreCinnabar"
    },
    {
      "target": "orange",
      "weight": 12,
      "count": 1,
      "id": "OD:oreAmber"
    },
    {
      "target": "gray",
      "weight": 13,
      "count": 1,
      "id": "OD:oreNickel"
    },
    {
      "target": "light_blue",
      "weight": 9,
      "count": 1,
      "id": "OD:orePlatinum"
    },
    {
      "target": "light_blue",
      "weight": 9,
      "count": 1,
      "id": "OD:oreMithril"
    },
    {
      "target": "yellow",
      "weight": 14,
      "count": 1,
      "id": "OD:oreSulfur"
    },
    {
      "target": "white",
      "weight": 14,
      "count": 1,
      "id": "OD:oreNiter"
    },
    {
      "target": "red",
      "weight": 7,
      "count": 1,
      "id": "OD:oreFirestone"
    },
    {
      "target": "blue",
      "weight": 10,
      "count": 1,
      "id": "OD:oreCobalt"
    },
    {
      "target": "orange",
      "weight": 10,
      "count": 1,
      "id": "OD:oreArdite"
    },
    {
      "target": "light_blue",
      "weight": 12,
      "count": 1,
      "id": "OD:oreApatite"
    },
    {
      "target": "purple",
      "weight": 9,
      "count": 1,
      "id": "OD:oreDraconium"
    },
    {
      "target": "black",
      "weight": 12,
      "count": 1,
      "id": "OD:oreGraphite"
    },
    {
      "target": "black",
      "weight": 18,
      "count": 1,
      "id": "OD:oreQuartzBlack"
    },
    {
      "target": "brown",
      "weight": 9,
      "count": 1,
      "id": "OD:oreResonating"
    },
    {
      "target": "pink",
      "weight": 11,
      "count": 1,
      "id": "OD:oreZinc"
    },
    {
      "target": "white",
      "weight": 9,
      "count": 1,
      "id": "OD:oreIridium"
    },
    {
      "target": "black",
      "weight": 12,
      "count": 1,
      "id": "OD:oreTungsten"
    },
    {
      "target": "silver",
      "weight": 16,
      "count": 1,
      "id": "OD:oreOsmium"
    },
    {
      "target": "white",
      "weight": 7,
      "count": 1,
      "id": "OD:oreSalt"
    },
    {
      "target": "white",
      "weight": 8,
      "count": 1,
      "id": "rftools:dimensional_shard_ore"
    },
    {
      "target": "green",
      "weight": 12,
      "count": 1,
      "id": "mysticalagriculture:inferium_ore"
    },
    {
      "target": "silver",
      "weight": 7,
      "count": 1,
      "id": "mysticalagriculture:prosperity_ore"
    }
  ]
}